{
	"lr": 0.0035150625481951865,
	"bs": 64,
	"ui": 23,
	"ep": 13,
	"ms": 62,
	"loss": 1233.5408203125
}
